,predictions
0,338.2826989235803
1,280.97453053363586
2,367.76652176545304
3,348.67641690508856
4,265.0146934422983
5,265.0146934422983
6,316.68861295957305
7,260.87045900381435
8,316.68861295957305
9,348.67641690508856
10,260.87045900381435
11,331.3883426486729
12,374.83450057504683
13,367.06332922372667
14,326.4485569796388
15,327.7164354039373
16,383.88995412375834
17,316.68861295957305
18,255.2970455654845
19,367.76652176545304
20,318.64334957921545
21,255.2970455654845
22,377.5264657855188
23,336.342565214628
24,331.3883426486729
25,280.97453053363586
26,260.87045900381435
27,265.0146934422983
28,338.2826989235803
29,326.4485569796388
30,256.5863245485788
31,326.8825330429604
32,321.4872962704789
33,321.4872962704789
34,367.76652176545304
35,265.0146934422983
36,326.4485569796388
37,309.12023508416013
38,280.97453053363586
39,318.64334957921545
40,326.4485569796388
41,280.97453053363586
42,326.4485569796388
43,352.212705429752
44,321.4872962704789
45,348.67641690508856
46,327.32721304687635
47,326.4485569796388
48,327.32721304687635
49,326.4485569796388
50,353.9135782344052
51,367.76652176545304
52,331.3883426486729
53,352.212705429752
54,255.2970455654845
55,265.0146934422983
56,326.4485569796388
57,321.4872962704789
58,316.68861295957305
59,326.4485569796388
60,316.68861295957305
61,289.4638740592303
62,326.4485569796388
63,316.68861295957305
64,348.67641690508856
65,326.8825330429604
66,280.97453053363586
67,331.8189084032516
68,353.9135782344052
69,309.12023508416013
70,331.3883426486729
71,326.4485569796388
72,331.8189084032516
73,326.4485569796388
74,289.4638740592303
75,326.4485569796388
76,367.76652176545304
77,331.3883426486729
78,331.3883426486729
79,316.68861295957305
80,331.3883426486729
81,326.4485569796388
82,311.4009743105893
83,260.87045900381435
84,348.67641690508856
85,285.04259057303665
86,338.2826989235803
87,321.4872962704789
88,348.67641690508856
89,331.3883426486729
90,265.0146934422983
91,330.00269270996614
92,268.21426735134526
93,311.4009743105893
94,348.67641690508856
95,265.0146934422983
96,323.0284854642349
97,318.64334957921545
98,338.2826989235803
99,367.76652176545304
100,331.3883426486729
101,255.2970455654845
102,316.68861295957305
103,352.212705429752
104,352.212705429752
105,265.0146934422983
106,321.4872962704789
107,336.342565214628
108,327.7164354039373
109,280.97453053363586
110,268.21426735134526
111,321.4872962704789
112,260.87045900381435
113,265.0146934422983
114,338.2826989235803
115,255.2970455654845
116,353.9135782344052
117,327.32721304687635
118,265.0146934422983
119,367.76652176545304
120,265.0146934422983
121,326.4485569796388
122,331.3883426486729
123,260.87045900381435
124,326.4485569796388
125,367.06332922372667
126,316.68861295957305
127,331.8189084032516
128,352.212705429752
129,289.4638740592303
130,353.9135782344052
131,331.3883426486729
132,265.0146934422983
133,318.64334957921545
134,255.2970455654845
135,377.5264657855188
136,331.3883426486729
137,268.21426735134526
138,367.76652176545304
139,311.4009743105893
140,383.88995412375834
141,383.88995412375834
142,289.4638740592303
143,352.212705429752
144,353.9135782344052
145,353.9135782344052
146,331.3883426486729
147,285.04259057303665
148,265.0146934422983
149,326.4485569796388
150,285.04259057303665
151,338.2826989235803
152,336.342565214628
153,353.9135782344052
154,326.4485569796388
155,353.9135782344052
156,265.0146934422983
157,265.0146934422983
158,331.8189084032516
159,280.97453053363586
160,316.68861295957305
161,268.21426735134526
162,338.2826989235803
163,280.97453053363586
164,348.67641690508856
165,255.2970455654845
166,374.83450057504683
167,336.342565214628
168,316.68861295957305
169,285.04259057303665
170,374.83450057504683
171,321.61511247721
172,285.04259057303665
173,316.68861295957305
174,330.00269270996614
175,316.68861295957305
176,316.68861295957305
177,352.212705429752
178,367.06332922372667
179,383.88995412375834
180,326.8825330429604
181,326.4485569796388
182,316.68861295957305
183,326.4485569796388
184,265.0146934422983
185,316.68861295957305
186,316.68861295957305
187,405.6838379858865
188,280.97453053363586
189,318.64334957921545
190,265.0146934422983
191,280.97453053363586
192,318.64334957921545
193,352.212705429752
194,326.8825330429604
195,383.88995412375834
196,318.64334957921545
197,265.0146934422983
198,338.2826989235803
199,327.7164354039373
200,318.64334957921545
201,367.06332922372667
202,256.5863245485788
203,318.64334957921545
204,353.9135782344052
205,260.87045900381435
206,268.21426735134526
207,377.5264657855188
208,353.9135782344052
209,318.64334957921545
210,367.06332922372667
211,326.4485569796388
212,338.2826989235803
213,260.87045900381435
214,326.8825330429604
215,316.68861295957305
216,318.64334957921545
217,265.0146934422983
218,348.67641690508856
219,331.3883426486729
220,331.3883426486729
221,318.64334957921545
222,255.2970455654845
223,331.3883426486729
224,367.76652176545304
225,321.61511247721
226,326.4485569796388
227,367.76652176545304
228,331.8189084032516
229,321.4872962704789
230,353.9135782344052
231,367.76652176545304
232,326.4485569796388
233,265.0146934422983
234,327.7164354039373
235,326.4485569796388
236,316.68861295957305
237,330.00269270996614
238,330.00269270996614
239,374.83450057504683
240,374.83450057504683
241,255.2970455654845
242,318.64334957921545
243,348.67641690508856
244,374.83450057504683
245,289.4638740592303
246,280.97453053363586
247,326.4485569796388
248,323.0284854642349
249,326.4485569796388
250,318.64334957921545
251,374.83450057504683
252,348.67641690508856
253,326.8825330429604
254,383.88995412375834
255,285.04259057303665
256,374.83450057504683
257,331.3883426486729
258,367.76652176545304
259,318.64334957921545
260,326.4485569796388
261,377.5264657855188
262,367.06332922372667
263,318.64334957921545
264,265.0146934422983
265,331.3883426486729
266,348.67641690508856
267,265.0146934422983
268,260.87045900381435
269,321.61511247721
270,348.67641690508856
271,338.2826989235803
272,260.87045900381435
273,367.76652176545304
274,289.4638740592303
275,377.5264657855188
276,326.4485569796388
277,336.342565214628
278,336.342565214628
279,326.8825330429604
280,377.5264657855188
281,331.3883426486729
282,326.8825330429604
283,331.3883426486729
284,326.4485569796388
285,338.2826989235803
286,316.68861295957305
287,265.0146934422983
288,326.4485569796388
289,326.4485569796388
290,353.9135782344052
291,348.67641690508856
292,289.4638740592303
293,289.4638740592303
294,326.4485569796388
295,338.2826989235803
296,316.68861295957305
297,348.67641690508856
298,316.68861295957305
299,326.4485569796388
300,268.21426735134526
301,353.9135782344052
302,265.0146934422983
303,265.0146934422983
304,282.47028389628804
305,348.67641690508856
306,255.2970455654845
307,289.4638740592303
308,331.3883426486729
309,348.67641690508856
310,260.87045900381435
311,331.3883426486729
312,260.87045900381435
313,326.4485569796388
314,331.3883426486729
315,326.4485569796388
316,353.9135782344052
317,323.0284854642349
318,383.88995412375834
319,331.3883426486729
320,338.2826989235803
321,367.76652176545304
322,326.4485569796388
323,367.06332922372667
324,321.4872962704789
325,289.4638740592303
326,260.87045900381435
327,326.8825330429604
328,318.64334957921545
329,255.2970455654845
330,280.97453053363586
331,348.67641690508856
332,326.4485569796388
333,348.67641690508856
334,280.97453053363586
335,318.64334957921545
336,316.68861295957305
337,405.6838379858865
338,352.212705429752
339,285.04259057303665
340,285.04259057303665
341,316.68861295957305
342,326.8825330429604
343,326.4485569796388
344,323.0284854642349
345,260.87045900381435
346,323.0284854642349
347,280.97453053363586
348,316.68861295957305
349,367.76652176545304
350,318.64334957921545
351,282.47028389628804
352,289.4638740592303
353,348.67641690508856
354,316.68861295957305
355,255.2970455654845
356,336.342565214628
357,255.2970455654845
358,323.0284854642349
359,316.68861295957305
360,260.87045900381435
361,330.00269270996614
362,316.68861295957305
363,316.68861295957305
364,289.4638740592303
365,318.64334957921545
366,285.04259057303665
367,321.61511247721
368,255.2970455654845
369,318.64334957921545
370,255.2970455654845
371,326.4485569796388
372,323.0284854642349
373,318.64334957921545
374,383.88995412375834
375,326.4485569796388
376,318.64334957921545
377,367.06332922372667
378,265.0146934422983
379,348.67641690508856
380,280.97453053363586
381,370.24802234569614
382,289.4638740592303
383,352.212705429752
384,348.67641690508856
385,318.64334957921545
386,255.2970455654845
387,318.64334957921545
388,383.88995412375834
389,280.97453053363586
390,321.4872962704789
391,316.68861295957305
392,327.7164354039373
393,255.2970455654845
394,318.64334957921545
395,348.67641690508856
396,367.76652176545304
397,348.67641690508856
398,318.64334957921545
399,330.00269270996614
400,260.87045900381435
401,374.83450057504683
402,265.0146934422983
403,285.04259057303665
404,405.6838379858865
405,367.76652176545304
406,265.0146934422983
407,331.3883426486729
408,321.61511247721
409,318.64334957921545
410,289.4638740592303
411,260.87045900381435
412,336.342565214628
413,330.00269270996614
414,318.64334957921545
415,326.4485569796388
416,318.64334957921545
417,336.342565214628
418,338.2826989235803
419,285.04259057303665
420,326.4485569796388
421,326.4485569796388
422,318.64334957921545
423,383.88995412375834
424,326.4485569796388
425,316.68861295957305
426,331.3883426486729
427,321.61511247721
428,338.2826989235803
429,316.68861295957305
430,374.83450057504683
431,321.4872962704789
432,326.4485569796388
433,326.4485569796388
434,316.68861295957305
435,316.68861295957305
436,330.00269270996614
437,338.2826989235803
438,336.342565214628
439,316.68861295957305
440,353.9135782344052
441,326.4485569796388
442,323.0284854642349
443,333.43933809872647
444,256.5863245485788
445,331.3883426486729
446,265.0146934422983
447,255.2970455654845
448,255.2970455654845
449,323.0284854642349
450,326.8825330429604
451,353.9135782344052
452,327.7164354039373
453,331.3883426486729
454,383.88995412375834
455,326.8825330429604
456,311.4009743105893
457,265.0146934422983
458,331.3883426486729
459,326.4485569796388
460,331.8189084032516
461,321.4872962704789
462,367.06332922372667
463,265.0146934422983
464,321.4872962704789
465,285.04259057303665
466,331.3883426486729
467,338.2826989235803
468,326.4485569796388
469,326.4485569796388
470,316.68861295957305
471,353.9135782344052
472,348.67641690508856
473,336.342565214628
474,348.67641690508856
475,285.04259057303665
476,323.0284854642349
477,326.4485569796388
478,338.2826989235803
479,316.68861295957305
480,326.4485569796388
481,316.68861295957305
482,338.2826989235803
483,265.0146934422983
484,289.4638740592303
485,377.5264657855188
486,353.9135782344052
487,280.97453053363586
488,331.3883426486729
489,268.21426735134526
490,260.87045900381435
491,318.64334957921545
492,331.3883426486729
493,318.64334957921545
494,318.64334957921545
495,348.67641690508856
496,374.83450057504683
497,289.4638740592303
498,265.0146934422983
499,316.68861295957305
500,323.0284854642349
501,321.4872962704789
502,265.0146934422983
503,256.5863245485788
504,260.87045900381435
505,265.0146934422983
506,316.68861295957305
507,326.4485569796388
508,316.68861295957305
509,331.3883426486729
510,336.342565214628
511,352.212705429752
512,316.68861295957305
513,331.3883426486729
514,326.4485569796388
515,367.76652176545304
516,367.76652176545304
517,326.8825330429604
518,289.4638740592303
519,318.64334957921545
520,353.9135782344052
521,255.2970455654845
522,348.67641690508856
523,326.4485569796388
524,316.68861295957305
525,367.76652176545304
526,326.4485569796388
527,316.68861295957305
528,352.212705429752
529,326.4485569796388
530,326.4485569796388
531,256.5863245485788
532,377.5264657855188
533,367.06332922372667
534,256.5863245485788
535,331.3883426486729
536,383.88995412375834
537,353.9135782344052
538,326.4485569796388
539,348.67641690508856
540,331.3883426486729
541,327.7164354039373
542,256.5863245485788
543,316.68861295957305
544,318.64334957921545
545,377.5264657855188
546,377.5264657855188
547,326.4485569796388
548,331.8189084032516
549,370.24802234569614
550,338.2826989235803
551,348.67641690508856
552,331.3883426486729
553,265.0146934422983
554,316.68861295957305
555,321.61511247721
556,318.64334957921545
557,316.68861295957305
558,323.0284854642349
559,326.4485569796388
560,280.97453053363586
561,318.64334957921545
562,316.68861295957305
563,338.2826989235803
564,330.00269270996614
565,265.0146934422983
566,405.6838379858865
567,280.97453053363586
568,260.87045900381435
569,374.83450057504683
570,326.8825330429604
571,348.67641690508856
572,367.76652176545304
573,331.8189084032516
574,353.9135782344052
575,318.64334957921545
576,289.4638740592303
577,331.3883426486729
578,338.2826989235803
579,316.68861295957305
580,338.2826989235803
581,256.5863245485788
582,353.9135782344052
583,326.4485569796388
584,326.4485569796388
585,336.342565214628
586,256.5863245485788
587,321.61511247721
588,285.04259057303665
589,280.97453053363586
590,280.97453053363586
591,338.2826989235803
592,331.3883426486729
593,331.3883426486729
594,348.67641690508856
595,255.2970455654845
596,280.97453053363586
597,316.68861295957305
598,348.67641690508856
599,289.4638740592303
600,321.4872962704789
601,256.5863245485788
602,255.2970455654845
603,348.67641690508856
604,265.0146934422983
605,316.68861295957305
606,316.68861295957305
607,348.67641690508856
608,326.4485569796388
609,353.9135782344052
610,348.67641690508856
611,316.68861295957305
612,405.6838379858865
613,265.0146934422983
614,377.5264657855188
615,352.212705429752
616,327.7164354039373
617,330.00269270996614
618,316.68861295957305
619,260.87045900381435
620,285.04259057303665
621,331.3883426486729
622,367.76652176545304
623,326.8825330429604
624,321.4872962704789
625,316.68861295957305
626,280.97453053363586
627,260.87045900381435
628,318.64334957921545
629,326.4485569796388
630,367.06332922372667
631,260.87045900381435
632,367.76652176545304
633,318.64334957921545
634,348.67641690508856
635,280.97453053363586
636,352.212705429752
637,352.212705429752
638,285.04259057303665
639,285.04259057303665
640,377.5264657855188
641,331.3883426486729
642,367.76652176545304
643,260.87045900381435
644,367.06332922372667
645,331.3883426486729
646,405.6838379858865
647,367.06332922372667
648,280.97453053363586
649,331.3883426486729
650,374.83450057504683
651,255.2970455654845
652,330.00269270996614
653,384.553702658606
654,336.342565214628
655,323.0284854642349
656,330.00269270996614
657,316.68861295957305
658,326.4485569796388
659,285.04259057303665
660,348.67641690508856
661,352.212705429752
662,268.21426735134526
663,338.2826989235803
664,255.2970455654845
665,348.67641690508856
666,326.8825330429604
667,326.8825330429604
668,326.4485569796388
669,255.2970455654845
670,265.0146934422983
671,336.342565214628
672,374.83450057504683
673,265.0146934422983
674,318.64334957921545
675,336.342565214628
676,336.342565214628
677,255.2970455654845
678,321.4872962704789
679,348.67641690508856
680,338.2826989235803
681,367.76652176545304
682,316.68861295957305
683,330.00269270996614
684,318.64334957921545
685,265.0146934422983
686,316.68861295957305
687,331.3883426486729
688,327.7164354039373
689,280.97453053363586
690,285.04259057303665
691,405.6838379858865
692,316.68861295957305
693,377.5264657855188
694,318.64334957921545
695,280.97453053363586
696,323.0284854642349
697,348.67641690508856
698,265.0146934422983
699,255.2970455654845
700,285.04259057303665
701,377.5264657855188
702,265.0146934422983
703,268.21426735134526
704,353.9135782344052
705,260.87045900381435
706,326.4485569796388
707,352.212705429752
708,285.04259057303665
709,265.0146934422983
710,330.00269270996614
711,336.342565214628
712,348.67641690508856
713,289.4638740592303
714,374.83450057504683
715,348.67641690508856
716,285.04259057303665
717,352.212705429752
718,353.9135782344052
719,318.64334957921545
720,318.64334957921545
721,327.32721304687635
722,255.2970455654845
723,255.2970455654845
724,331.3883426486729
725,348.67641690508856
726,265.0146934422983
727,338.2826989235803
728,348.67641690508856
729,367.76652176545304
730,318.64334957921545
731,326.4485569796388
732,289.4638740592303
733,331.8189084032516
734,348.67641690508856
735,321.61511247721
736,323.0284854642349
737,323.0284854642349
738,318.64334957921545
739,348.67641690508856
740,348.67641690508856
741,377.5264657855188
742,318.64334957921545
743,367.76652176545304
744,289.4638740592303
745,326.8825330429604
746,377.5264657855188
747,331.8189084032516
748,326.4485569796388
749,377.5264657855188
750,326.4485569796388
751,280.97453053363586
752,331.3883426486729
753,326.8825330429604
754,338.2826989235803
755,285.04259057303665
756,318.64334957921545
757,348.67641690508856
758,338.2826989235803
759,353.9135782344052
760,265.0146934422983
761,326.4485569796388
762,367.76652176545304
763,323.0284854642349
764,265.0146934422983
765,289.4638740592303
766,352.212705429752
767,326.4485569796388
768,327.7164354039373
769,255.2970455654845
770,256.5863245485788
771,348.67641690508856
772,331.8189084032516
773,311.4009743105893
774,311.4009743105893
775,331.3883426486729
776,255.2970455654845
777,326.4485569796388
778,265.0146934422983
779,323.0284854642349
780,260.87045900381435
781,326.4485569796388
782,323.0284854642349
783,265.0146934422983
784,323.0284854642349
785,326.4485569796388
786,321.4872962704789
787,367.06332922372667
788,326.4485569796388
789,326.4485569796388
790,336.342565214628
791,367.76652176545304
792,285.04259057303665
793,255.2970455654845
794,260.87045900381435
795,265.0146934422983
796,268.21426735134526
797,374.83450057504683
798,336.342565214628
799,348.67641690508856
800,265.0146934422983
801,265.0146934422983
802,289.4638740592303
803,326.4485569796388
804,289.4638740592303
805,327.32721304687635
806,268.21426735134526
807,327.32721304687635
808,331.8189084032516
809,327.32721304687635
810,336.342565214628
811,265.0146934422983
812,326.4485569796388
813,405.6838379858865
814,353.9135782344052
815,326.4485569796388
816,326.4485569796388
817,367.76652176545304
818,374.83450057504683
819,255.2970455654845
820,331.3883426486729
821,405.6838379858865
822,285.3142305875515
823,321.61511247721
824,280.97453053363586
825,326.8825330429604
826,326.4485569796388
827,331.3883426486729
828,316.68861295957305
829,318.64334957921545
830,348.67641690508856
831,318.64334957921545
832,326.4485569796388
833,265.0146934422983
834,353.9135782344052
835,331.3883426486729
836,353.9135782344052
837,326.4485569796388
838,348.67641690508856
839,326.4485569796388
840,336.342565214628
841,323.0284854642349
842,321.4872962704789
843,316.68861295957305
844,316.68861295957305
845,318.64334957921545
846,316.68861295957305
847,353.9135782344052
848,331.3883426486729
849,265.0146934422983
850,326.4485569796388
851,265.0146934422983
852,352.212705429752
853,326.8825330429604
854,326.4485569796388
855,405.6838379858865
856,318.64334957921545
857,353.9135782344052
858,348.67641690508856
859,370.24802234569614
860,280.97453053363586
861,331.3883426486729
862,338.2826989235803
863,326.8825330429604
864,326.8825330429604
865,326.4485569796388
866,318.64334957921545
867,326.4485569796388
868,268.21426735134526
869,280.97453053363586
870,285.04259057303665
871,377.5264657855188
872,377.5264657855188
873,338.2826989235803
874,323.0284854642349
875,311.4009743105893
876,326.4485569796388
877,318.64334957921545
878,326.4485569796388
879,348.67641690508856
880,405.6838379858865
881,268.21426735134526
882,367.76652176545304
883,374.83450057504683
884,326.8825330429604
885,383.88995412375834
886,367.06332922372667
887,318.64334957921545
888,326.4485569796388
889,326.4485569796388
890,318.64334957921545
891,318.64334957921545
892,321.4872962704789
893,321.4872962704789
894,374.83450057504683
895,255.2970455654845
896,323.0284854642349
897,265.0146934422983
898,316.68861295957305
899,374.83450057504683
900,336.342565214628
901,367.76652176545304
902,321.61511247721
903,336.342565214628
904,338.2826989235803
905,348.67641690508856
906,367.06332922372667
907,318.64334957921545
908,289.4638740592303
909,265.0146934422983
910,289.4638740592303
911,260.87045900381435
912,285.04259057303665
913,323.0284854642349
914,377.5264657855188
915,316.68861295957305
916,321.61511247721
917,323.0284854642349
918,323.0284854642349
919,285.04259057303665
920,326.4485569796388
921,318.64334957921545
922,255.2970455654845
923,331.3883426486729
924,265.0146934422983
925,338.2826989235803
926,326.4485569796388
927,336.342565214628
928,318.64334957921545
929,255.2970455654845
930,348.67641690508856
931,321.4872962704789
932,348.67641690508856
933,280.97453053363586
934,318.64334957921545
935,331.3883426486729
936,323.0284854642349
937,326.4485569796388
938,265.0146934422983
939,331.3883426486729
940,268.21426735134526
941,323.0284854642349
942,316.68861295957305
943,326.4485569796388
944,285.04259057303665
945,348.67641690508856
946,316.68861295957305
947,377.5264657855188
948,260.87045900381435
949,338.2826989235803
950,327.7164354039373
951,383.88995412375834
952,285.04259057303665
953,367.06332922372667
954,318.64334957921545
955,321.4872962704789
956,348.67641690508856
957,260.87045900381435
958,330.00269270996614
959,331.3883426486729
960,255.2970455654845
961,405.6838379858865
962,256.5863245485788
963,255.2970455654845
964,316.68861295957305
965,331.8189084032516
966,255.2970455654845
967,326.4485569796388
968,331.3883426486729
969,255.2970455654845
970,265.0146934422983
971,367.76652176545304
972,326.4485569796388
973,338.2826989235803
974,318.64334957921545
975,323.0284854642349
976,326.8825330429604
977,326.8825330429604
978,311.4009743105893
979,367.76652176545304
980,367.06332922372667
981,318.64334957921545
982,318.64334957921545
983,367.06332922372667
984,321.4872962704789
985,289.4638740592303
986,321.4872962704789
987,367.76652176545304
988,330.00269270996614
989,377.5264657855188
990,265.0146934422983
991,265.0146934422983
992,367.76652176545304
993,348.67641690508856
994,367.76652176545304
995,255.2970455654845
996,383.88995412375834
997,318.64334957921545
998,322.1473297925078
999,383.88995412375834
1000,374.83450057504683
1001,374.83450057504683
1002,331.3883426486729
1003,326.4485569796388
1004,260.87045900381435
1005,326.4485569796388
1006,316.68861295957305
1007,321.61511247721
1008,318.64334957921545
1009,377.5264657855188
1010,255.2970455654845
1011,326.4485569796388
1012,326.4485569796388
1013,326.4485569796388
1014,327.7164354039373
1015,323.0284854642349
1016,367.76652176545304
1017,331.8189084032516
1018,336.342565214628
1019,280.97453053363586
1020,318.64334957921545
1021,377.5264657855188
1022,256.5863245485788
1023,338.2826989235803
1024,326.4485569796388
1025,331.3883426486729
1026,331.8189084032516
1027,268.21426735134526
1028,327.7164354039373
1029,265.0146934422983
1030,367.06332922372667
1031,268.21426735134526
1032,326.8825330429604
1033,265.0146934422983
1034,265.0146934422983
1035,316.68861295957305
1036,383.88995412375834
1037,323.0284854642349
1038,367.76652176545304
1039,285.04259057303665
1040,331.3883426486729
1041,285.04259057303665
1042,374.83450057504683
1043,318.64334957921545
1044,331.3883426486729
1045,318.64334957921545
1046,383.88995412375834
1047,326.4485569796388
1048,331.3883426486729
1049,331.3883426486729
1050,256.5863245485788
1051,367.76652176545304
1052,383.88995412375834
1053,367.76652176545304
1054,326.4485569796388
1055,268.21426735134526
1056,383.88995412375834
1057,265.0146934422983
1058,331.3883426486729
1059,377.5264657855188
1060,285.04259057303665
1061,383.88995412375834
1062,326.4485569796388
1063,326.4485569796388
1064,353.9135782344052
1065,353.9135782344052
1066,326.8825330429604
1067,352.212705429752
1068,316.68861295957305
1069,321.4872962704789
1070,338.2826989235803
1071,367.06332922372667
1072,285.04259057303665
1073,331.3883426486729
1074,348.67641690508856
1075,374.83450057504683
1076,289.4638740592303
1077,255.2970455654845
1078,331.8189084032516
1079,331.3883426486729
1080,331.3883426486729
1081,367.76652176545304
1082,326.8825330429604
1083,260.87045900381435
1084,321.4872962704789
1085,268.21426735134526
1086,348.67641690508856
1087,338.2826989235803
1088,260.87045900381435
1089,255.2970455654845
1090,352.212705429752
1091,338.2826989235803
1092,326.4485569796388
1093,377.5264657855188
1094,367.06332922372667
1095,326.8825330429604
1096,318.64334957921545
1097,265.0146934422983
1098,260.87045900381435
1099,326.8825330429604
1100,353.9135782344052
1101,265.0146934422983
1102,280.97453053363586
1103,383.88995412375834
1104,265.0146934422983
1105,367.76652176545304
1106,280.97453053363586
1107,326.4485569796388
1108,256.5863245485788
1109,265.0146934422983
1110,280.97453053363586
1111,377.5264657855188
1112,353.9135782344052
1113,326.8825330429604
1114,265.0146934422983
1115,367.76652176545304
1116,326.8825330429604
1117,338.2826989235803
1118,383.88995412375834
1119,255.2970455654845
1120,316.68861295957305
1121,323.0284854642349
1122,321.4872962704789
1123,280.97453053363586
1124,377.5264657855188
1125,405.6838379858865
1126,255.2970455654845
1127,405.6838379858865
1128,285.04259057303665
1129,348.67641690508856
1130,383.88995412375834
1131,318.64334957921545
1132,326.4485569796388
1133,285.04259057303665
1134,326.4485569796388
1135,327.32721304687635
1136,260.87045900381435
1137,330.00269270996614
1138,377.5264657855188
1139,321.61511247721
1140,377.5264657855188
1141,285.04259057303665
1142,348.67641690508856
1143,316.68861295957305
1144,265.0146934422983
1145,327.32721304687635
1146,280.97453053363586
1147,289.4638740592303
1148,367.76652176545304
1149,318.64334957921545
1150,352.212705429752
1151,326.4485569796388
1152,318.64334957921545
1153,326.4485569796388
1154,367.76652176545304
1155,285.04259057303665
1156,326.8825330429604
1157,285.04259057303665
1158,331.3883426486729
1159,326.4485569796388
1160,383.88995412375834
1161,323.0284854642349
1162,255.2970455654845
1163,289.4638740592303
1164,255.2970455654845
1165,348.67641690508856
1166,374.83450057504683
1167,289.4638740592303
1168,348.67641690508856
1169,348.67641690508856
1170,265.0146934422983
1171,326.4485569796388
1172,323.0284854642349
1173,331.3883426486729
1174,326.4485569796388
1175,348.67641690508856
1176,367.06332922372667
1177,318.64334957921545
1178,352.212705429752
1179,316.68861295957305
1180,318.64334957921545
1181,348.67641690508856
1182,327.7164354039373
1183,374.83450057504683
1184,321.4872962704789
1185,405.6838379858865
1186,331.8189084032516
1187,289.4638740592303
1188,260.87045900381435
1189,367.76652176545304
1190,331.8189084032516
1191,321.4872962704789
1192,353.9135782344052
1193,374.83450057504683
1194,265.0146934422983
1195,280.97453053363586
1196,326.4485569796388
1197,327.7164354039373
1198,331.3883426486729
1199,255.2970455654845
1200,316.68861295957305
1201,336.342565214628
1202,331.3883426486729
1203,336.342565214628
1204,323.0284854642349
1205,383.88995412375834
1206,377.5264657855188
1207,331.3883426486729
1208,338.2826989235803
1209,289.4638740592303
1210,326.4485569796388
1211,323.0284854642349
1212,323.0284854642349
1213,353.9135782344052
1214,383.88995412375834
1215,367.76652176545304
1216,336.342565214628
1217,330.00269270996614
1218,367.76652176545304
1219,383.88995412375834
1220,348.67641690508856
1221,326.8825330429604
1222,326.4485569796388
1223,331.8189084032516
1224,377.5264657855188
1225,280.97453053363586
1226,348.67641690508856
1227,353.9135782344052
1228,367.76652176545304
1229,367.76652176545304
1230,327.32721304687635
1231,348.67641690508856
1232,383.88995412375834
1233,336.342565214628
1234,338.2826989235803
1235,289.4638740592303
1236,311.4009743105893
1237,268.21426735134526
1238,377.5264657855188
1239,316.68861295957305
1240,321.4872962704789
1241,367.06332922372667
1242,318.64334957921545
1243,321.4872962704789
1244,255.2970455654845
1245,367.06332922372667
1246,348.67641690508856
1247,353.9135782344052
1248,318.64334957921545
1249,405.6838379858865
1250,348.67641690508856
1251,367.76652176545304
1252,268.21426735134526
1253,316.68861295957305
1254,285.04259057303665
1255,331.8189084032516
1256,260.87045900381435
1257,383.88995412375834
1258,367.76652176545304
1259,353.9135782344052
1260,265.0146934422983
1261,326.8825330429604
1262,331.3883426486729
1263,318.64334957921545
1264,331.3883426486729
1265,265.0146934422983
1266,265.0146934422983
1267,268.21426735134526
1268,323.0284854642349
1269,289.4638740592303
1270,255.2970455654845
1271,326.4485569796388
1272,318.64334957921545
1273,336.342565214628
1274,327.32721304687635
1275,289.4638740592303
1276,367.76652176545304
1277,285.04259057303665
1278,323.0284854642349
1279,289.4638740592303
1280,405.6838379858865
1281,318.64334957921545
1282,331.3883426486729
1283,383.88995412375834
1284,326.8825330429604
1285,280.97453053363586
1286,280.97453053363586
1287,353.9135782344052
1288,330.00269270996614
1289,318.64334957921545
1290,316.68861295957305
1291,255.2970455654845
1292,348.67641690508856
1293,318.64334957921545
1294,326.8825330429604
1295,326.4485569796388
1296,265.0146934422983
1297,331.8189084032516
1298,326.4485569796388
1299,316.68861295957305
1300,265.0146934422983
1301,255.2970455654845
1302,265.0146934422983
1303,367.76652176545304
1304,260.87045900381435
1305,318.64334957921545
1306,326.4485569796388
1307,367.76652176545304
1308,316.68861295957305
1309,285.04259057303665
1310,289.4638740592303
1311,318.64334957921545
1312,338.2826989235803
1313,321.4872962704789
1314,405.6838379858865
1315,318.64334957921545
1316,327.7164354039373
1317,323.0284854642349
1318,255.2970455654845
1319,353.9135782344052
1320,331.3883426486729
1321,318.64334957921545
1322,367.76652176545304
1323,316.68861295957305
1324,348.67641690508856
1325,383.88995412375834
1326,321.61511247721
1327,260.87045900381435
1328,318.64334957921545
1329,289.4638740592303
1330,268.21426735134526
1331,323.0284854642349
1332,255.2970455654845
1333,331.3883426486729
1334,255.2970455654845
1335,321.61511247721
1336,331.3883426486729
1337,352.212705429752
1338,367.06332922372667
1339,321.4872962704789
1340,352.212705429752
1341,316.68861295957305
1342,383.88995412375834
1343,289.4638740592303
1344,405.6838379858865
1345,321.4872962704789
1346,318.64334957921545
1347,331.3883426486729
1348,285.04259057303665
1349,331.8189084032516
1350,348.67641690508856
1351,265.0146934422983
1352,374.83450057504683
1353,338.2826989235803
1354,326.8825330429604
1355,331.3883426486729
1356,367.76652176545304
1357,316.68861295957305
1358,353.9135782344052
1359,338.2826989235803
1360,331.3883426486729
1361,265.0146934422983
1362,265.0146934422983
1363,374.83450057504683
1364,256.5863245485788
1365,265.0146934422983
1366,352.212705429752
1367,352.212705429752
1368,330.00269270996614
1369,367.76652176545304
1370,331.3883426486729
1371,330.00269270996614
1372,352.212705429752
1373,326.4485569796388
1374,255.2970455654845
1375,338.2826989235803
1376,321.61511247721
1377,280.97453053363586
1378,377.5264657855188
1379,285.04259057303665
1380,265.0146934422983
1381,318.64334957921545
1382,316.68861295957305
1383,331.3883426486729
1384,326.4485569796388
1385,331.3883426486729
1386,367.76652176545304
1387,255.2970455654845
1388,377.5264657855188
1389,348.67641690508856
1390,285.04259057303665
1391,331.8189084032516
1392,348.67641690508856
1393,316.68861295957305
1394,326.8825330429604
1395,326.4485569796388
1396,352.212705429752
1397,255.2970455654845
1398,321.4872962704789
1399,280.97453053363586
1400,377.5264657855188
1401,367.76652176545304
1402,316.68861295957305
1403,330.00269270996614
1404,255.2970455654845
1405,316.68861295957305
1406,383.88995412375834
1407,405.6838379858865
1408,255.2970455654845
1409,326.4485569796388
1410,316.68861295957305
1411,326.8825330429604
1412,326.4485569796388
1413,348.67641690508856
1414,280.97453053363586
1415,323.0284854642349
1416,331.8189084032516
1417,348.67641690508856
1418,348.67641690508856
1419,348.67641690508856
1420,383.88995412375834
1421,374.83450057504683
1422,405.6838379858865
1423,331.3883426486729
1424,326.8825330429604
1425,316.68861295957305
1426,265.0146934422983
1427,326.4485569796388
1428,318.64334957921545
1429,255.2970455654845
1430,348.67641690508856
1431,331.3883426486729
1432,331.3883426486729
1433,331.3883426486729
1434,330.00269270996614
1435,331.3883426486729
1436,326.4485569796388
1437,311.4009743105893
1438,405.6838379858865
1439,255.2970455654845
1440,367.76652176545304
1441,352.212705429752
1442,316.68861295957305
1443,265.0146934422983
1444,338.2826989235803
1445,285.04259057303665
1446,321.4872962704789
1447,289.4638740592303
1448,331.3883426486729
1449,318.64334957921545
1450,285.04259057303665
1451,367.06332922372667
1452,316.68861295957305
1453,318.64334957921545
1454,348.67641690508856
1455,352.212705429752
1456,326.4485569796388
1457,280.97453053363586
1458,326.4485569796388
1459,326.4485569796388
1460,377.5264657855188
1461,336.342565214628
1462,348.67641690508856
1463,374.83450057504683
1464,326.8825330429604
1465,326.8825330429604
1466,348.67641690508856
1467,326.4485569796388
1468,352.212705429752
1469,367.06332922372667
1470,327.7164354039373
1471,268.21426735134526
1472,383.88995412375834
1473,256.5863245485788
1474,331.3883426486729
1475,367.06332922372667
1476,383.88995412375834
1477,367.76652176545304
1478,327.32721304687635
1479,377.5264657855188
1480,265.0146934422983
1481,326.4485569796388
1482,265.0146934422983
1483,338.2826989235803
1484,265.0146934422983
1485,353.9135782344052
1486,326.4485569796388
1487,327.32721304687635
1488,265.0146934422983
1489,326.4485569796388
1490,260.87045900381435
1491,367.76652176545304
1492,374.83450057504683
1493,326.4485569796388
1494,370.24802234569614
1495,331.8189084032516
1496,327.7164354039373
1497,318.64334957921545
1498,316.68861295957305
1499,352.212705429752
1500,377.5264657855188
1501,367.76652176545304
1502,289.4638740592303
1503,285.04259057303665
1504,280.97453053363586
1505,280.97453053363586
1506,311.4009743105893
1507,326.8825330429604
1508,367.76652176545304
1509,323.0284854642349
1510,331.8189084032516
1511,331.8189084032516
1512,367.76652176545304
1513,316.68861295957305
1514,352.212705429752
1515,348.67641690508856
1516,331.3883426486729
1517,331.3883426486729
1518,326.4485569796388
1519,367.76652176545304
1520,348.67641690508856
1521,260.87045900381435
1522,326.4485569796388
1523,316.68861295957305
1524,383.88995412375834
1525,374.83450057504683
1526,289.4638740592303
1527,265.0146934422983
1528,285.04259057303665
1529,331.3883426486729
1530,336.342565214628
1531,323.0284854642349
1532,331.3883426486729
1533,321.4872962704789
1534,321.4872962704789
1535,331.3883426486729
1536,331.3883426486729
1537,280.97453053363586
1538,326.4485569796388
1539,331.3883426486729
1540,326.4485569796388
1541,326.4485569796388
1542,323.0284854642349
1543,265.0146934422983
1544,311.4009743105893
1545,326.4485569796388
1546,289.4638740592303
1547,327.7164354039373
1548,318.64334957921545
1549,326.4485569796388
1550,326.4485569796388
1551,285.04259057303665
1552,374.83450057504683
1553,377.5264657855188
1554,374.83450057504683
1555,374.83450057504683
1556,318.64334957921545
1557,348.67641690508856
1558,326.4485569796388
1559,377.5264657855188
1560,289.4638740592303
1561,374.83450057504683
1562,348.67641690508856
1563,353.9135782344052
1564,326.4485569796388
1565,326.4485569796388
1566,326.8825330429604
1567,326.8825330429604
1568,331.3883426486729
1569,377.5264657855188
1570,348.67641690508856
1571,285.04259057303665
1572,289.4638740592303
1573,285.04259057303665
1574,255.2970455654845
1575,326.4485569796388
1576,318.64334957921545
1577,255.2970455654845
1578,255.2970455654845
1579,326.4485569796388
1580,316.68861295957305
1581,326.8825330429604
1582,265.0146934422983
1583,316.68861295957305
1584,374.83450057504683
1585,348.67641690508856
1586,327.7164354039373
1587,326.4485569796388
1588,326.4485569796388
1589,289.4638740592303
1590,260.87045900381435
1591,326.4485569796388
1592,255.2970455654845
1593,265.0146934422983
1594,405.6838379858865
1595,316.68861295957305
1596,367.76652176545304
1597,289.4638740592303
1598,318.64334957921545
1599,260.87045900381435
1600,316.68861295957305
1601,348.67641690508856
1602,331.8189084032516
1603,255.2970455654845
1604,367.06332922372667
1605,260.87045900381435
1606,318.64334957921545
1607,321.61511247721
1608,331.3883426486729
1609,289.4638740592303
1610,321.4872962704789
1611,265.0146934422983
1612,260.87045900381435
1613,318.64334957921545
1614,348.67641690508856
1615,256.5863245485788
1616,336.342565214628
1617,377.5264657855188
1618,331.3883426486729
1619,326.4485569796388
1620,316.68861295957305
1621,383.88995412375834
1622,326.4485569796388
1623,316.68861295957305
1624,326.8825330429604
1625,367.76652176545304
1626,353.9135782344052
1627,326.4485569796388
1628,352.212705429752
1629,348.67641690508856
1630,338.2826989235803
1631,367.76652176545304
1632,316.68861295957305
1633,326.4485569796388
1634,289.4638740592303
1635,326.4485569796388
1636,348.67641690508856
1637,338.2826989235803
1638,367.76652176545304
1639,338.2826989235803
1640,326.8825330429604
1641,316.68861295957305
1642,377.5264657855188
1643,316.68861295957305
1644,370.24802234569614
1645,265.0146934422983
1646,255.2970455654845
1647,352.212705429752
1648,374.83450057504683
1649,352.212705429752
1650,374.83450057504683
1651,353.9135782344052
1652,265.0146934422983
1653,316.68861295957305
1654,383.88995412375834
1655,327.7164354039373
1656,330.00269270996614
1657,323.0284854642349
1658,367.06332922372667
1659,280.97453053363586
1660,316.68861295957305
1661,311.4009743105893
1662,280.97453053363586
1663,330.00269270996614
1664,280.97453053363586
1665,326.8825330429604
1666,256.5863245485788
1667,318.64334957921545
1668,323.0284854642349
1669,330.00269270996614
1670,280.97453053363586
1671,344.2041093831744
1672,265.0146934422983
1673,348.67641690508856
1674,321.61511247721
1675,326.4485569796388
1676,352.212705429752
1677,323.0284854642349
1678,367.76652176545304
1679,330.00269270996614
1680,265.0146934422983
1681,348.67641690508856
1682,318.64334957921545
1683,367.76652176545304
1684,255.2970455654845
1685,321.4872962704789
1686,321.4872962704789
1687,338.2826989235803
1688,255.2970455654845
1689,289.4638740592303
1690,383.88995412375834
1691,338.2826989235803
1692,256.5863245485788
1693,255.2970455654845
1694,330.00269270996614
1695,367.76652176545304
1696,265.0146934422983
1697,321.61511247721
1698,331.3883426486729
1699,265.0146934422983
1700,331.3883426486729
1701,326.8825330429604
1702,327.32721304687635
1703,326.4485569796388
1704,367.76652176545304
1705,336.342565214628
1706,316.68861295957305
1707,326.4485569796388
1708,352.212705429752
1709,289.4638740592303
1710,348.67641690508856
1711,405.6838379858865
1712,383.88995412375834
1713,352.212705429752
1714,348.67641690508856
1715,316.68861295957305
1716,289.4638740592303
1717,280.97453053363586
1718,326.4485569796388
1719,367.06332922372667
1720,330.00269270996614
1721,265.0146934422983
1722,326.4485569796388
1723,331.8189084032516
1724,330.00269270996614
1725,326.4485569796388
1726,353.9135782344052
1727,311.4009743105893
1728,348.67641690508856
1729,311.4009743105893
1730,260.87045900381435
1731,326.8825330429604
1732,326.4485569796388
1733,367.76652176545304
1734,331.8189084032516
1735,255.2970455654845
1736,331.3883426486729
1737,326.4485569796388
1738,338.2826989235803
1739,265.0146934422983
1740,367.06332922372667
1741,331.3883426486729
1742,321.4872962704789
1743,256.5863245485788
1744,348.67641690508856
1745,331.3883426486729
1746,331.3883426486729
1747,265.0146934422983
1748,323.0284854642349
1749,280.97453053363586
1750,331.3883426486729
1751,265.0146934422983
1752,348.67641690508856
1753,348.67641690508856
1754,331.3883426486729
1755,289.4638740592303
1756,318.64334957921545
1757,326.8825330429604
1758,338.2826989235803
1759,260.87045900381435
1760,336.342565214628
1761,383.88995412375834
1762,255.2970455654845
1763,327.32721304687635
1764,331.3883426486729
1765,326.4485569796388
1766,318.64334957921545
1767,331.3883426486729
1768,377.5264657855188
1769,280.97453053363586
1770,326.4485569796388
1771,321.4872962704789
1772,383.88995412375834
1773,321.61511247721
1774,348.67641690508856
1775,352.212705429752
1776,383.88995412375834
1777,348.67641690508856
1778,331.3883426486729
1779,327.32721304687635
1780,330.00269270996614
1781,265.0146934422983
1782,316.68861295957305
1783,326.4485569796388
1784,348.67641690508856
1785,331.3883426486729
1786,326.4485569796388
1787,331.3883426486729
1788,367.76652176545304
1789,260.87045900381435
1790,323.0284854642349
1791,374.83450057504683
1792,260.87045900381435
1793,367.76652176545304
1794,353.9135782344052
1795,326.4485569796388
1796,352.212705429752
1797,331.3883426486729
1798,326.4485569796388
1799,260.87045900381435
1800,326.8825330429604
1801,289.4638740592303
1802,327.32721304687635
1803,280.97453053363586
1804,330.00269270996614
1805,331.3883426486729
1806,348.67641690508856
1807,326.4485569796388
1808,255.2970455654845
1809,352.212705429752
1810,255.2970455654845
1811,348.67641690508856
1812,260.87045900381435
1813,323.0284854642349
1814,326.4485569796388
1815,353.9135782344052
1816,323.0284854642349
1817,323.0284854642349
1818,285.04259057303665
1819,318.64334957921545
1820,352.212705429752
1821,323.0284854642349
1822,289.4638740592303
1823,348.67641690508856
1824,321.4872962704789
1825,367.06332922372667
1826,255.2970455654845
1827,255.2970455654845
1828,326.4485569796388
1829,260.87045900381435
1830,331.8189084032516
1831,330.00269270996614
1832,280.97453053363586
1833,353.9135782344052
1834,285.04259057303665
1835,331.3883426486729
1836,374.83450057504683
1837,326.4485569796388
1838,370.24802234569614
1839,326.4485569796388
1840,326.4485569796388
1841,318.64334957921545
1842,374.83450057504683
1843,265.0146934422983
1844,348.67641690508856
1845,255.2970455654845
1846,326.8825330429604
1847,367.76652176545304
1848,316.68861295957305
1849,326.4485569796388
1850,255.2970455654845
1851,316.68861295957305
1852,383.88995412375834
1853,326.4485569796388
1854,348.67641690508856
1855,265.0146934422983
1856,326.8825330429604
1857,326.8825330429604
1858,255.2970455654845
1859,326.4485569796388
1860,348.67641690508856
1861,348.67641690508856
1862,255.2970455654845
1863,311.4009743105893
1864,318.64334957921545
1865,367.06332922372667
1866,326.4485569796388
1867,331.3883426486729
1868,268.21426735134526
1869,348.67641690508856
1870,367.06332922372667
1871,331.3883426486729
1872,331.3883426486729
1873,326.4485569796388
1874,280.97453053363586
1875,326.8825330429604
1876,405.6838379858865
1877,323.0284854642349
1878,348.67641690508856
1879,316.68861295957305
1880,323.0284854642349
1881,316.68861295957305
1882,348.67641690508856
1883,256.5863245485788
1884,338.2826989235803
1885,311.4009743105893
1886,336.342565214628
1887,265.0146934422983
1888,353.9135782344052
1889,331.3883426486729
1890,405.6838379858865
1891,280.97453053363586
1892,338.2826989235803
1893,336.342565214628
1894,326.4485569796388
1895,326.4485569796388
1896,331.3883426486729
1897,321.61511247721
1898,338.2826989235803
1899,353.9135782344052
1900,318.64334957921545
1901,318.64334957921545
1902,255.2970455654845
1903,316.68861295957305
1904,289.4638740592303
1905,331.8189084032516
1906,321.4872962704789
1907,280.97453053363586
1908,265.0146934422983
1909,318.64334957921545
1910,326.4485569796388
1911,348.67641690508856
1912,255.2970455654845
1913,260.87045900381435
1914,268.21426735134526
1915,405.6838379858865
1916,265.0146934422983
1917,316.68861295957305
1918,377.5264657855188
1919,326.4485569796388
1920,326.4485569796388
1921,352.212705429752
1922,289.4638740592303
1923,318.64334957921545
1924,318.64334957921545
1925,370.24802234569614
1926,280.97453053363586
1927,336.342565214628
1928,377.5264657855188
1929,367.06332922372667
1930,370.24802234569614
1931,255.2970455654845
1932,265.0146934422983
1933,318.64334957921545
1934,377.5264657855188
1935,331.3883426486729
1936,331.8189084032516
1937,318.64334957921545
1938,316.68861295957305
1939,280.97453053363586
1940,353.9135782344052
1941,326.4485569796388
1942,255.2970455654845
1943,326.4485569796388
1944,352.212705429752
1945,338.2826989235803
1946,367.76652176545304
1947,377.5264657855188
1948,353.9135782344052
1949,377.5264657855188
1950,318.64334957921545
1951,318.64334957921545
1952,318.64334957921545
1953,377.5264657855188
1954,285.04259057303665
1955,352.212705429752
1956,255.2970455654845
1957,260.87045900381435
1958,316.68861295957305
1959,338.2826989235803
1960,260.87045900381435
1961,326.4485569796388
1962,331.8189084032516
1963,280.97453053363586
1964,255.2970455654845
1965,323.0284854642349
1966,331.3883426486729
1967,265.0146934422983
1968,323.0284854642349
1969,318.64334957921545
1970,255.2970455654845
1971,348.67641690508856
1972,367.06332922372667
1973,377.5264657855188
1974,348.67641690508856
1975,352.212705429752
1976,330.00269270996614
1977,352.212705429752
1978,268.21426735134526
1979,285.04259057303665
1980,265.0146934422983
1981,405.6838379858865
1982,326.4485569796388
1983,377.5264657855188
1984,331.3883426486729
1985,265.0146934422983
1986,377.5264657855188
